<?xml version="1.0" encoding="UTF-8"?>
<!DOCTYPE filesystem PUBLIC "-//NetBeans//DTD Filesystem 1.2//EN" "http://www.netbeans.org/dtds/filesystem-1_2.dtd">
<filesystem>
    <folder name="Actions">
        <folder name="Window">
            <file name="org-si23-shapesample-ShapeAction.instance">
                <attr name="component" methodvalue="org.si23.shapesample.ShapeTopComponent.findInstance"/>
                <attr name="displayName" bundlevalue="org.si23.shapesample.Bundle#CTL_ShapeAction"/>
                <attr name="instanceCreate" methodvalue="org.openide.windows.TopComponent.openAction"/>
            </file>
        </folder>
    </folder>
    <folder name="Menu">
        <folder name="Window">
            <file name="ShapeAction.shadow">
                <attr name="originalFile" stringvalue="Actions/Window/org-si23-shapesample-ShapeAction.instance"/>
            </file>
        </folder>
    </folder>
    <folder name="Windows2">
        <folder name="Components">
            <file name="ShapeTopComponent.settings" url="ShapeTopComponentSettings.xml"/>
        </folder>
        <folder name="Modes">
            <folder name="editor">
                <file name="ShapeTopComponent.wstcref" url="ShapeTopComponentWstcref.xml"/>
            </folder>
        </folder>
    </folder>
</filesystem>
